Word,Count
in,3
the,10
quaint,1
little,1
town,2
of,5
whiskerville,2
where,1
cobblestone,1
streets,1
meandered,1
through,1
charming,1
cottages,1
and,7
vibrant,1
gardens,1
lived,1
a,6
tabby,1
cat,3
named,1
oliver,6
with,4
his,4
striking,1
green,1
eyes,2
fur,2
that,3
gleamed,1
like,2
golden,1
honey,1
sun,1
was,5
heartthrob,1
feline,1
community,1
despite,1
popularity,1
solitary,1
soul,1
content,1
daily,1
routines,1
sunbathing,1
bird,1
watching,1
occasional,1
mouse,1
hunt,1
first,1
saw,1
luna,3
when,1
she,3
perched,1
on,1
edge,1
fountain,1
lapping,1
up,1
water,1
delicately,1
he,2
immediately,1
captivated,1
by,1
her,5
elegance,1
gentle,1
way,1
carried,1
herself,1
gathering,1
courage,1
approached,1
"hello,1
there,1
",2
meowed,1
softly,1
"i,1
haven't,1
seen,1
you,1
around,1
here,1
before,1
my,1
name,2
is,1
one,1
crisp,1
autumn,1
day,1
as,3
leaves,1
turned,1
fiery,1
shades,1
orange,1
red,1
new,1
appeared,1
sleek,1
black,1
dark,1
midnight,1
sparkled,1
stars,1
had,1
mysterious,1
air,1
about,1
moved,1
grace,1
mesmerized,1
anyone,1
who,1
watched,1
